{
"lengthUnit": "mil",
"remark": [],
"components": {
	"fields": ["COMPONENT_NO", "COMPONENT_NAME", "LAYER", "X_COORDINATE", "Y_COORDINATE", "ANGLE"],
	"rows": [
		[1, "D1_MINI", "T", 1424.38, -756.45, 180],
		[2, "D8", "T", 975, -1165, 180],
		[3, "DOF", "B", 725, -540, 0],
		[4, "H1", "B", 1280, -540, 0],
		[5, "LF_D1_", "B", 725, -955, 0],
		[6, "LF_D2_", "B", 1230, -955, 180],
		[7, "LF_D4", "B", 725, -855, 0],
		[8, "P2", "T", 1250, -660, 180],
		[9, "P3", "T", 740, -660, 180],
		[10, "S_DIR", "B", 725, -755, 0],
		[11, "S_ESQ", "B", 1230, -755, 180],
		[12, "SERVO", "B", 1230, -855, 180],
		[13, "SW6", "T", 625, -370, 0],
		[14, "U6", "T", 980, -660, 0],
		[15, "U7", "B", 980, -370, 180],
		[16, "PAD1", "T", 1129.996, -755.001, 0],
		[17, "PAD1", "B", 1129.996, -755.001, 0],
		[18, "PAD2", "T", 1229.996, -755.001, 0],
		[19, "PAD2", "B", 1229.996, -755.001, 0],
		[20, "PAD3", "T", 1329.996, -755.001, 0],
		[21, "PAD3", "B", 1329.996, -755.001, 0],
		[22, "PAD4", "T", 1232.96, -660, 0],
		[23, "PAD5", "T", 1267.04, -660, 0],
		[24, "PAD6", "T", 1199, -660, 0],
		[25, "PAD7", "T", 722.96, -660, 0],
		[26, "PAD8", "T", 757.04, -660, 0],
		[27, "PAD9", "T", 689, -660, 0],
		[28, "PAD10", "T", 1129.996, -855.001, 0],
		[29, "PAD10", "B", 1129.996, -855.001, 0],
		[30, "PAD11", "T", 1229.996, -855.001, 0],
		[31, "PAD11", "B", 1229.996, -855.001, 0],
		[32, "PAD12", "T", 1329.996, -855.001, 0],
		[33, "PAD12", "B", 1329.996, -855.001, 0],
		[34, "PAD13", "T", 825.004, -754.999, 0],
		[35, "PAD13", "B", 825.004, -754.999, 0],
		[36, "PAD14", "T", 725.004, -754.999, 0],
		[37, "PAD14", "B", 725.004, -754.999, 0],
		[38, "PAD15", "T", 625.004, -754.999, 0],
		[39, "PAD15", "B", 625.004, -754.999, 0],
		[40, "PAD16", "T", 830, -660, 0],
		[41, "PAD16", "B", 830, -660, 0],
		[42, "PAD17", "T", 930, -660, 0],
		[43, "PAD17", "B", 930, -660, 0],
		[44, "PAD18", "T", 1030, -660, 0],
		[45, "PAD18", "B", 1030, -660, 0],
		[46, "PAD19", "T", 1130, -660, 0],
		[47, "PAD19", "B", 1130, -660, 0],
		[48, "PAD20", "T", 925, -540, 0],
		[49, "PAD20", "B", 925, -540, 0],
		[50, "PAD21", "T", 825, -540, 0],
		[51, "PAD21", "B", 825, -540, 0],
		[52, "PAD22", "T", 725, -540, 0],
		[53, "PAD22", "B", 725, -540, 0],
		[54, "PAD23", "T", 625, -540, 0],
		[55, "PAD23", "B", 625, -540, 0],
		[56, "PAD24", "T", 525, -540, 0],
		[57, "PAD24", "B", 525, -540, 0],
		[58, "PAD25", "T", 1424.38, -756.45, 0],
		[59, "PAD25", "B", 1424.38, -756.45, 0],
		[60, "PAD26", "T", 1424.38, -956.45, 0],
		[61, "PAD26", "B", 1424.38, -956.45, 0],
		[62, "PAD27", "T", 1424.38, -1156.45, 0],
		[63, "PAD27", "B", 1424.38, -1156.45, 0],
		[64, "PAD28", "T", 524.38, -756.45, 0],
		[65, "PAD28", "B", 524.38, -756.45, 0],
		[66, "PAD29", "T", 524.38, -856.45, 0],
		[67, "PAD29", "B", 524.38, -856.45, 0],
		[68, "PAD30", "T", 524.38, -956.45, 0],
		[69, "PAD30", "B", 524.38, -956.45, 0],
		[70, "PAD31", "T", 524.38, -1056.45, 0],
		[71, "PAD31", "B", 524.38, -1056.45, 0],
		[72, "PAD32", "T", 524.38, -1156.45, 0],
		[73, "PAD32", "B", 524.38, -1156.45, 0],
		[74, "PAD33", "T", 1424.38, -656.45, 0],
		[75, "PAD33", "B", 1424.38, -656.45, 0],
		[76, "PAD34", "T", 524.38, -656.45, 0],
		[77, "PAD34", "B", 524.38, -656.45, 0],
		[78, "PAD35", "T", 1130, -370, 0],
		[79, "PAD35", "B", 1130, -370, 0],
		[80, "PAD36", "T", 1030, -370, 0],
		[81, "PAD36", "B", 1030, -370, 0],
		[82, "PAD37", "T", 930, -370, 0],
		[83, "PAD37", "B", 930, -370, 0],
		[84, "PAD38", "T", 830, -370, 0],
		[85, "PAD38", "B", 830, -370, 0],
		[86, "PAD39", "T", 1102.95, -1165, 0],
		[87, "PAD39", "B", 1102.95, -1165, 0],
		[88, "PAD40", "T", 847.05, -1165, 0],
		[89, "PAD40", "B", 847.05, -1165, 0],
		[90, "PAD41", "T", 1230, -540, 0],
		[91, "PAD41", "B", 1230, -540, 0],
		[92, "PAD42", "T", 1330, -540, 0],
		[93, "PAD42", "B", 1330, -540, 0],
		[94, "PAD43", "T", 703.74, -370, 0],
		[95, "PAD43", "B", 703.74, -370, 0],
		[96, "PAD44", "T", 624.74, -370, 0],
		[97, "PAD44", "B", 624.74, -370, 0],
		[98, "PAD45", "T", 825.004, -954.999, 0],
		[99, "PAD45", "B", 825.004, -954.999, 0],
		[100, "PAD46", "T", 725.004, -954.999, 0],
		[101, "PAD46", "B", 725.004, -954.999, 0],
		[102, "PAD47", "T", 625.004, -954.999, 0],
		[103, "PAD47", "B", 625.004, -954.999, 0],
		[104, "PAD48", "T", 1129.996, -955.001, 0],
		[105, "PAD48", "B", 1129.996, -955.001, 0],
		[106, "PAD49", "T", 1229.996, -955.001, 0],
		[107, "PAD49", "B", 1229.996, -955.001, 0],
		[108, "PAD50", "T", 1329.996, -955.001, 0],
		[109, "PAD50", "B", 1329.996, -955.001, 0],
		[110, "PAD51", "T", 825.004, -854.999, 0],
		[111, "PAD51", "B", 825.004, -854.999, 0],
		[112, "PAD52", "T", 725.004, -854.999, 0],
		[113, "PAD52", "B", 725.004, -854.999, 0],
		[114, "PAD53", "T", 625.004, -854.999, 0],
		[115, "PAD53", "B", 625.004, -854.999, 0]
	]
},
"pins": {
	"fields": ["PIN_NO", "PIN_NAME", "PIN_X", "PIN_Y", "LAYER", "PIN_TYPE", "NET_NAME", "NET_TYPE", "PAD_SHAPE", "PAD_SIZEX", "PAD_SIZEY", "HOLE_SIZE", "HOLE_LEN", "PAD_ANGLE"],
	"rows": [
		[1, "D1_MINI_JP1.1", 1424.38, -1356.45, "T", "DIP", "NET_1", "", "C", 59.37, 59.37, 39.36, 39.37, 180],
		[2, "D1_MINI_JP1.1", 1424.38, -1356.45, "B", "DIP", "NET_1", "", "C", 59.37, 59.37, 39.36, 39.37, 180],
		[3, "D1_MINI_JP1.2", 1424.38, -1256.45, "T", "DIP", "NET_2", "", "C", 59.37, 59.37, 39.36, 39.37, 180],
		[4, "D1_MINI_JP1.2", 1424.38, -1256.45, "B", "DIP", "NET_2", "", "C", 59.37, 59.37, 39.36, 39.37, 180],
		[5, "D1_MINI_JP1.3", 1424.38, -1156.45, "T", "DIP", "SESQ", "", "C", 59.37, 59.37, 39.36, 39.37, 180],
		[6, "D1_MINI_JP1.3", 1424.38, -1156.45, "B", "DIP", "SESQ", "", "C", 59.37, 59.37, 39.36, 39.37, 180],
		[7, "D1_MINI_JP1.4", 1424.38, -1056.45, "T", "DIP", "NET_3", "", "C", 59.37, 59.37, 39.36, 39.37, 180],
		[8, "D1_MINI_JP1.4", 1424.38, -1056.45, "B", "DIP", "NET_3", "", "C", 59.37, 59.37, 39.36, 39.37, 180],
		[9, "D1_MINI_JP1.5", 1424.38, -956.45, "T", "DIP", "SDIR", "", "C", 59.37, 59.37, 39.36, 39.37, 180],
		[10, "D1_MINI_JP1.5", 1424.38, -956.45, "B", "DIP", "SDIR", "", "C", 59.37, 59.37, 39.36, 39.37, 180],
		[11, "D1_MINI_JP1.6", 1424.38, -856.45, "T", "DIP", "NET_4", "", "C", 59.37, 59.37, 39.36, 39.37, 180],
		[12, "D1_MINI_JP1.6", 1424.38, -856.45, "B", "DIP", "NET_4", "", "C", 59.37, 59.37, 39.36, 39.37, 180],
		[13, "D1_MINI_JP1.7", 1424.38, -756.45, "T", "DIP", "BUZ", "", "C", 59.37, 59.37, 39.36, 39.37, 180],
		[14, "D1_MINI_JP1.7", 1424.38, -756.45, "B", "DIP", "BUZ", "", "C", 59.37, 59.37, 39.36, 39.37, 180],
		[15, "D1_MINI_JP1.8", 1424.38, -656.45, "T", "DIP", "3V3", "", "C", 59.37, 59.37, 39.36, 39.37, 180],
		[16, "D1_MINI_JP1.8", 1424.38, -656.45, "B", "DIP", "3V3", "", "C", 59.37, 59.37, 39.36, 39.37, 180],
		[17, "D1_MINI_JP2.1", 524.38, -1356.45, "T", "DIP", "NET_5", "", "C", 59.37, 59.37, 39.36, 39.37, 180],
		[18, "D1_MINI_JP2.1", 524.38, -1356.45, "B", "DIP", "NET_5", "", "C", 59.37, 59.37, 39.36, 39.37, 180],
		[19, "D1_MINI_JP2.2", 524.38, -1256.45, "T", "DIP", "NET_6", "", "C", 59.37, 59.37, 39.36, 39.37, 180],
		[20, "D1_MINI_JP2.2", 524.38, -1256.45, "B", "DIP", "NET_6", "", "C", 59.37, 59.37, 39.36, 39.37, 180],
		[21, "D1_MINI_JP2.3", 524.38, -1156.45, "T", "DIP", "SCL", "", "C", 59.37, 59.37, 39.36, 39.37, 180],
		[22, "D1_MINI_JP2.3", 524.38, -1156.45, "B", "DIP", "SCL", "", "C", 59.37, 59.37, 39.36, 39.37, 180],
		[23, "D1_MINI_JP2.4", 524.38, -1056.45, "T", "DIP", "SDA", "", "C", 59.37, 59.37, 39.36, 39.37, 180],
		[24, "D1_MINI_JP2.4", 524.38, -1056.45, "B", "DIP", "SDA", "", "C", 59.37, 59.37, 39.36, 39.37, 180],
		[25, "D1_MINI_JP2.5", 524.38, -956.45, "T", "DIP", "SRVO", "", "C", 59.37, 59.37, 39.36, 39.37, 180],
		[26, "D1_MINI_JP2.5", 524.38, -956.45, "B", "DIP", "SRVO", "", "C", 59.37, 59.37, 39.36, 39.37, 180],
		[27, "D1_MINI_JP2.6", 524.38, -856.45, "T", "DIP", "D4", "", "C", 59.37, 59.37, 39.36, 39.37, 180],
		[28, "D1_MINI_JP2.6", 524.38, -856.45, "B", "DIP", "D4", "", "C", 59.37, 59.37, 39.36, 39.37, 180],
		[29, "D1_MINI_JP2.7", 524.38, -756.45, "T", "DIP", "GND", "GND", "C", 59.37, 59.37, 39.36, 39.37, 180],
		[30, "D1_MINI_JP2.7", 524.38, -756.45, "B", "DIP", "GND", "GND", "C", 59.37, 59.37, 39.36, 39.37, 180],
		[31, "D1_MINI_JP2.8", 524.38, -656.45, "T", "DIP", "+5V", "", "C", 59.37, 59.37, 39.36, 39.37, 180],
		[32, "D1_MINI_JP2.8", 524.38, -656.45, "B", "DIP", "+5V", "", "C", 59.37, 59.37, 39.36, 39.37, 180],
		[33, "D8_1", 1102.95, -1165, "T", "DIP", "BUZ", "", "R", 60, 60, 36, 36, 180],
		[34, "D8_1", 1102.95, -1165, "B", "DIP", "BUZ", "", "R", 60, 60, 36, 36, 180],
		[35, "D8_2", 847.05, -1165, "T", "DIP", "GND", "GND", "C", 60, 60, 36, 36, 180],
		[36, "D8_2", 847.05, -1165, "B", "DIP", "GND", "GND", "C", 60, 60, 36, 36, 180],
		[37, "DOF_1", 525, -540, "T", "DIP", "+5V", "", "R", 62, 62, 40.158, 40.158, 0],
		[38, "DOF_1", 525, -540, "B", "DIP", "+5V", "", "R", 62, 62, 40.158, 40.158, 0],
		[39, "DOF_2", 625, -540, "T", "DIP", "3V3", "", "C", 62, 62, 40.158, 40.158, 0],
		[40, "DOF_2", 625, -540, "B", "DIP", "3V3", "", "C", 62, 62, 40.158, 40.158, 0],
		[41, "DOF_3", 725, -540, "T", "DIP", "GND", "GND", "C", 62, 62, 40.158, 40.158, 0],
		[42, "DOF_3", 725, -540, "B", "DIP", "GND", "GND", "C", 62, 62, 40.158, 40.158, 0],
		[43, "DOF_4", 825, -540, "T", "DIP", "SCL", "", "C", 62, 62, 40.158, 40.158, 0],
		[44, "DOF_4", 825, -540, "B", "DIP", "SCL", "", "C", 62, 62, 40.158, 40.158, 0],
		[45, "DOF_5", 925, -540, "T", "DIP", "SDA", "", "C", 62, 62, 40.158, 40.158, 0],
		[46, "DOF_5", 925, -540, "B", "DIP", "SDA", "", "C", 62, 62, 40.158, 40.158, 0],
		[47, "H1_1", 1230, -540, "T", "DIP", "PWR", "", "R", 78.74, 78.74, 47.244, 47.244, 0],
		[48, "H1_1", 1230, -540, "B", "DIP", "PWR", "", "R", 78.74, 78.74, 47.244, 47.244, 0],
		[49, "H1_2", 1330, -540, "T", "DIP", "GND", "GND", "C", 78.74, 78.74, 47.244, 47.244, 0],
		[50, "H1_2", 1330, -540, "B", "DIP", "GND", "GND", "C", 78.74, 78.74, 47.244, 47.244, 0],
		[51, "LF_D1__1", 625.004, -954.999, "T", "DIP", "GND", "GND", "R", 62, 62, 35, 35, 0],
		[52, "LF_D1__1", 625.004, -954.999, "B", "DIP", "GND", "GND", "R", 62, 62, 35, 35, 0],
		[53, "LF_D1__2", 725.004, -954.999, "T", "DIP", "3V3", "", "C", 62, 62, 35, 35, 0],
		[54, "LF_D1__2", 725.004, -954.999, "B", "DIP", "3V3", "", "C", 62, 62, 35, 35, 0],
		[55, "LF_D1__3", 825.004, -954.999, "T", "DIP", "SCL", "", "C", 62, 62, 35, 35, 0],
		[56, "LF_D1__3", 825.004, -954.999, "B", "DIP", "SCL", "", "C", 62, 62, 35, 35, 0],
		[57, "LF_D2__1", 1329.996, -955.001, "T", "DIP", "GND", "GND", "R", 62, 62, 35, 35, 180],
		[58, "LF_D2__1", 1329.996, -955.001, "B", "DIP", "GND", "GND", "R", 62, 62, 35, 35, 180],
		[59, "LF_D2__2", 1229.996, -955.001, "T", "DIP", "3V3", "", "C", 62, 62, 35, 35, 180],
		[60, "LF_D2__2", 1229.996, -955.001, "B", "DIP", "3V3", "", "C", 62, 62, 35, 35, 180],
		[61, "LF_D2__3", 1129.996, -955.001, "T", "DIP", "SDA", "", "C", 62, 62, 35, 35, 180],
		[62, "LF_D2__3", 1129.996, -955.001, "B", "DIP", "SDA", "", "C", 62, 62, 35, 35, 180],
		[63, "LF_D4_1", 625.004, -854.999, "T", "DIP", "GND", "GND", "R", 62, 62, 35, 35, 0],
		[64, "LF_D4_1", 625.004, -854.999, "B", "DIP", "GND", "GND", "R", 62, 62, 35, 35, 0],
		[65, "LF_D4_2", 725.004, -854.999, "T", "DIP", "3V3", "", "C", 62, 62, 35, 35, 0],
		[66, "LF_D4_2", 725.004, -854.999, "B", "DIP", "3V3", "", "C", 62, 62, 35, 35, 0],
		[67, "LF_D4_3", 825.004, -854.999, "T", "DIP", "D4", "", "C", 62, 62, 35, 35, 0],
		[68, "LF_D4_3", 825.004, -854.999, "B", "DIP", "D4", "", "C", 62, 62, 35, 35, 0],
		[69, "P2_1", 1267.04, -660, "T", "SMD", "3V3", "", "R", 22.27, 78.7402, 0, 0, 180],
		[70, "P2_2", 1199, -660, "T", "SMD", "GND", "GND", "R", 22.27, 78.7402, 0, 0, 180],
		[71, "P2_3", 1232.96, -660, "T", "SMD", "$1N1354", "", "R", 22.27, 78.7402, 0, 0, 180],
		[72, "P3_1", 757.04, -660, "T", "SMD", "3V3", "", "R", 22.27, 78.7402, 0, 0, 180],
		[73, "P3_2", 689, -660, "T", "SMD", "GND", "GND", "R", 22.27, 78.7402, 0, 0, 180],
		[74, "P3_3", 722.96, -660, "T", "SMD", "$1N1350", "", "R", 22.27, 78.7402, 0, 0, 180],
		[75, "S_DIR_1", 625.004, -754.999, "T", "DIP", "GND", "GND", "R", 62, 62, 35, 35, 0],
		[76, "S_DIR_1", 625.004, -754.999, "B", "DIP", "GND", "GND", "R", 62, 62, 35, 35, 0],
		[77, "S_DIR_2", 725.004, -754.999, "T", "DIP", "+5V", "", "C", 62, 62, 35, 35, 0],
		[78, "S_DIR_2", 725.004, -754.999, "B", "DIP", "+5V", "", "C", 62, 62, 35, 35, 0],
		[79, "S_DIR_3", 825.004, -754.999, "T", "DIP", "SDIR", "", "C", 62, 62, 35, 35, 0],
		[80, "S_DIR_3", 825.004, -754.999, "B", "DIP", "SDIR", "", "C", 62, 62, 35, 35, 0],
		[81, "S_ESQ_1", 1329.996, -755.001, "T", "DIP", "GND", "GND", "R", 62, 62, 35, 35, 180],
		[82, "S_ESQ_1", 1329.996, -755.001, "B", "DIP", "GND", "GND", "R", 62, 62, 35, 35, 180],
		[83, "S_ESQ_2", 1229.996, -755.001, "T", "DIP", "+5V", "", "C", 62, 62, 35, 35, 180],
		[84, "S_ESQ_2", 1229.996, -755.001, "B", "DIP", "+5V", "", "C", 62, 62, 35, 35, 180],
		[85, "S_ESQ_3", 1129.996, -755.001, "T", "DIP", "SESQ", "", "C", 62, 62, 35, 35, 180],
		[86, "S_ESQ_3", 1129.996, -755.001, "B", "DIP", "SESQ", "", "C", 62, 62, 35, 35, 180],
		[87, "SERVO_1", 1329.996, -855.001, "T", "DIP", "GND", "GND", "R", 62, 62, 35, 35, 180],
		[88, "SERVO_1", 1329.996, -855.001, "B", "DIP", "GND", "GND", "R", 62, 62, 35, 35, 180],
		[89, "SERVO_2", 1229.996, -855.001, "T", "DIP", "+5V", "", "C", 62, 62, 35, 35, 180],
		[90, "SERVO_2", 1229.996, -855.001, "B", "DIP", "+5V", "", "C", 62, 62, 35, 35, 180],
		[91, "SERVO_3", 1129.996, -855.001, "T", "DIP", "SRVO", "", "C", 62, 62, 35, 35, 180],
		[92, "SERVO_3", 1129.996, -855.001, "B", "DIP", "SRVO", "", "C", 62, 62, 35, 35, 180],
		[93, "SW6_1", 546.26, -370, "T", "DIP", "NET_7", "", "O", 62.99, 51.18, 35.434, 35.434, 180],
		[94, "SW6_1", 546.26, -370, "B", "DIP", "NET_7", "", "O", 62.99, 51.18, 35.434, 35.434, 180],
		[95, "SW6_2", 624.74, -370, "T", "DIP", "+5V", "", "O", 62.99, 51.18, 35.434, 35.434, 180],
		[96, "SW6_2", 624.74, -370, "B", "DIP", "+5V", "", "O", 62.99, 51.18, 35.434, 35.434, 180],
		[97, "SW6_3", 703.74, -370, "T", "DIP", "PWR", "", "O", 62.99, 51.18, 35.434, 35.434, 180],
		[98, "SW6_3", 703.74, -370, "B", "DIP", "PWR", "", "O", 62.99, 51.18, 35.434, 35.434, 180],
		[99, "U6_1", 830, -660, "T", "DIP", "SDA", "", "R", 66.929, 66.929, 43.308, 43.308, 0],
		[100, "U6_1", 830, -660, "B", "DIP", "SDA", "", "R", 66.929, 66.929, 43.308, 43.308, 0],
		[101, "U6_2", 930, -660, "T", "DIP", "SCL", "", "C", 66.929, 66.929, 43.308, 43.308, 0],
		[102, "U6_2", 930, -660, "B", "DIP", "SCL", "", "C", 66.929, 66.929, 43.308, 43.308, 0],
		[103, "U6_3", 1030, -660, "T", "DIP", "$1N1350", "", "C", 66.929, 66.929, 43.308, 43.308, 0],
		[104, "U6_3", 1030, -660, "B", "DIP", "$1N1350", "", "C", 66.929, 66.929, 43.308, 43.308, 0],
		[105, "U6_4", 1130, -660, "T", "DIP", "$1N1354", "", "C", 66.929, 66.929, 43.308, 43.308, 0],
		[106, "U6_4", 1130, -660, "B", "DIP", "$1N1354", "", "C", 66.929, 66.929, 43.308, 43.308, 0],
		[107, "U7_1", 1130, -370, "T", "DIP", "3V3", "", "R", 66.929, 66.929, 43.308, 43.308, 180],
		[108, "U7_1", 1130, -370, "B", "DIP", "3V3", "", "R", 66.929, 66.929, 43.308, 43.308, 180],
		[109, "U7_2", 1030, -370, "T", "DIP", "GND", "GND", "C", 66.929, 66.929, 43.308, 43.308, 180],
		[110, "U7_2", 1030, -370, "B", "DIP", "GND", "GND", "C", 66.929, 66.929, 43.308, 43.308, 180],
		[111, "U7_3", 930, -370, "T", "DIP", "SCL", "", "C", 66.929, 66.929, 43.308, 43.308, 180],
		[112, "U7_3", 930, -370, "B", "DIP", "SCL", "", "C", 66.929, 66.929, 43.308, 43.308, 180],
		[113, "U7_4", 830, -370, "T", "DIP", "SDA", "", "C", 66.929, 66.929, 43.308, 43.308, 180],
		[114, "U7_4", 830, -370, "B", "DIP", "SDA", "", "C", 66.929, 66.929, 43.308, 43.308, 180],
		[115, "PAD1_3", 1129.996, -755.001, "T", "DIP", "SESQ", "", "C", 62, 62, 35, 35, 180],
		[116, "PAD1_3", 1129.996, -755.001, "B", "DIP", "SESQ", "", "C", 62, 62, 35, 35, 180],
		[117, "PAD2_2", 1229.996, -755.001, "T", "DIP", "+5V", "", "C", 62, 62, 35, 35, 180],
		[118, "PAD2_2", 1229.996, -755.001, "B", "DIP", "+5V", "", "C", 62, 62, 35, 35, 180],
		[119, "PAD3_1", 1329.996, -755.001, "T", "DIP", "GND", "GND", "R", 62, 62, 35, 35, 180],
		[120, "PAD3_1", 1329.996, -755.001, "B", "DIP", "GND", "GND", "R", 62, 62, 35, 35, 180],
		[121, "PAD4_3", 1232.96, -660, "T", "SMD", "$1N1354", "", "R", 22.27, 78.7402, 0, 0, 180],
		[122, "PAD5_1", 1267.04, -660, "T", "SMD", "3V3", "", "R", 22.27, 78.7402, 0, 0, 180],
		[123, "PAD6_2", 1199, -660, "T", "SMD", "GND", "GND", "R", 22.27, 78.7402, 0, 0, 180],
		[124, "PAD7_3", 722.96, -660, "T", "SMD", "$1N1350", "", "R", 22.27, 78.7402, 0, 0, 180],
		[125, "PAD8_1", 757.04, -660, "T", "SMD", "3V3", "", "R", 22.27, 78.7402, 0, 0, 180],
		[126, "PAD9_2", 689, -660, "T", "SMD", "GND", "GND", "R", 22.27, 78.7402, 0, 0, 180],
		[127, "PAD10_3", 1129.996, -855.001, "T", "DIP", "SRVO", "", "C", 62, 62, 35, 35, 180],
		[128, "PAD10_3", 1129.996, -855.001, "B", "DIP", "SRVO", "", "C", 62, 62, 35, 35, 180],
		[129, "PAD11_2", 1229.996, -855.001, "T", "DIP", "+5V", "", "C", 62, 62, 35, 35, 180],
		[130, "PAD11_2", 1229.996, -855.001, "B", "DIP", "+5V", "", "C", 62, 62, 35, 35, 180],
		[131, "PAD12_1", 1329.996, -855.001, "T", "DIP", "GND", "GND", "R", 62, 62, 35, 35, 180],
		[132, "PAD12_1", 1329.996, -855.001, "B", "DIP", "GND", "GND", "R", 62, 62, 35, 35, 180],
		[133, "PAD13_3", 825.004, -754.999, "T", "DIP", "SDIR", "", "C", 62, 62, 35, 35, 0],
		[134, "PAD13_3", 825.004, -754.999, "B", "DIP", "SDIR", "", "C", 62, 62, 35, 35, 0],
		[135, "PAD14_2", 725.004, -754.999, "T", "DIP", "+5V", "", "C", 62, 62, 35, 35, 0],
		[136, "PAD14_2", 725.004, -754.999, "B", "DIP", "+5V", "", "C", 62, 62, 35, 35, 0],
		[137, "PAD15_1", 625.004, -754.999, "T", "DIP", "GND", "GND", "R", 62, 62, 35, 35, 0],
		[138, "PAD15_1", 625.004, -754.999, "B", "DIP", "GND", "GND", "R", 62, 62, 35, 35, 0],
		[139, "PAD16_1", 830, -660, "T", "DIP", "SDA", "", "R", 66.929, 66.929, 43.308, 43.308, 0],
		[140, "PAD16_1", 830, -660, "B", "DIP", "SDA", "", "R", 66.929, 66.929, 43.308, 43.308, 0],
		[141, "PAD17_2", 930, -660, "T", "DIP", "SCL", "", "C", 66.929, 66.929, 43.308, 43.308, 0],
		[142, "PAD17_2", 930, -660, "B", "DIP", "SCL", "", "C", 66.929, 66.929, 43.308, 43.308, 0],
		[143, "PAD18_3", 1030, -660, "T", "DIP", "$1N1350", "", "C", 66.929, 66.929, 43.308, 43.308, 0],
		[144, "PAD18_3", 1030, -660, "B", "DIP", "$1N1350", "", "C", 66.929, 66.929, 43.308, 43.308, 0],
		[145, "PAD19_4", 1130, -660, "T", "DIP", "$1N1354", "", "C", 66.929, 66.929, 43.308, 43.308, 0],
		[146, "PAD19_4", 1130, -660, "B", "DIP", "$1N1354", "", "C", 66.929, 66.929, 43.308, 43.308, 0],
		[147, "PAD20_5", 925, -540, "T", "DIP", "SDA", "", "C", 62, 62, 40.158, 40.158, 0],
		[148, "PAD20_5", 925, -540, "B", "DIP", "SDA", "", "C", 62, 62, 40.158, 40.158, 0],
		[149, "PAD21_4", 825, -540, "T", "DIP", "SCL", "", "C", 62, 62, 40.158, 40.158, 0],
		[150, "PAD21_4", 825, -540, "B", "DIP", "SCL", "", "C", 62, 62, 40.158, 40.158, 0],
		[151, "PAD22_3", 725, -540, "T", "DIP", "GND", "GND", "C", 62, 62, 40.158, 40.158, 0],
		[152, "PAD22_3", 725, -540, "B", "DIP", "GND", "GND", "C", 62, 62, 40.158, 40.158, 0],
		[153, "PAD23_2", 625, -540, "T", "DIP", "3V3", "", "C", 62, 62, 40.158, 40.158, 0],
		[154, "PAD23_2", 625, -540, "B", "DIP", "3V3", "", "C", 62, 62, 40.158, 40.158, 0],
		[155, "PAD24_1", 525, -540, "T", "DIP", "+5V", "", "R", 62, 62, 40.158, 40.158, 0],
		[156, "PAD24_1", 525, -540, "B", "DIP", "+5V", "", "R", 62, 62, 40.158, 40.158, 0],
		[157, "PAD25_JP1.7", 1424.38, -756.45, "T", "DIP", "BUZ", "", "C", 59.37, 59.37, 39.36, 39.37, 180],
		[158, "PAD25_JP1.7", 1424.38, -756.45, "B", "DIP", "BUZ", "", "C", 59.37, 59.37, 39.36, 39.37, 180],
		[159, "PAD26_JP1.5", 1424.38, -956.45, "T", "DIP", "SDIR", "", "C", 59.37, 59.37, 39.36, 39.37, 180],
		[160, "PAD26_JP1.5", 1424.38, -956.45, "B", "DIP", "SDIR", "", "C", 59.37, 59.37, 39.36, 39.37, 180],
		[161, "PAD27_JP1.3", 1424.38, -1156.45, "T", "DIP", "SESQ", "", "C", 59.37, 59.37, 39.36, 39.37, 180],
		[162, "PAD27_JP1.3", 1424.38, -1156.45, "B", "DIP", "SESQ", "", "C", 59.37, 59.37, 39.36, 39.37, 180],
		[163, "PAD28_JP2.7", 524.38, -756.45, "T", "DIP", "GND", "GND", "C", 59.37, 59.37, 39.36, 39.37, 180],
		[164, "PAD28_JP2.7", 524.38, -756.45, "B", "DIP", "GND", "GND", "C", 59.37, 59.37, 39.36, 39.37, 180],
		[165, "PAD29_JP2.6", 524.38, -856.45, "T", "DIP", "D4", "", "C", 59.37, 59.37, 39.36, 39.37, 180],
		[166, "PAD29_JP2.6", 524.38, -856.45, "B", "DIP", "D4", "", "C", 59.37, 59.37, 39.36, 39.37, 180],
		[167, "PAD30_JP2.5", 524.38, -956.45, "T", "DIP", "SRVO", "", "C", 59.37, 59.37, 39.36, 39.37, 180],
		[168, "PAD30_JP2.5", 524.38, -956.45, "B", "DIP", "SRVO", "", "C", 59.37, 59.37, 39.36, 39.37, 180],
		[169, "PAD31_JP2.4", 524.38, -1056.45, "T", "DIP", "SDA", "", "C", 59.37, 59.37, 39.36, 39.37, 180],
		[170, "PAD31_JP2.4", 524.38, -1056.45, "B", "DIP", "SDA", "", "C", 59.37, 59.37, 39.36, 39.37, 180],
		[171, "PAD32_JP2.3", 524.38, -1156.45, "T", "DIP", "SCL", "", "C", 59.37, 59.37, 39.36, 39.37, 180],
		[172, "PAD32_JP2.3", 524.38, -1156.45, "B", "DIP", "SCL", "", "C", 59.37, 59.37, 39.36, 39.37, 180],
		[173, "PAD33_JP1.8", 1424.38, -656.45, "T", "DIP", "3V3", "", "C", 59.37, 59.37, 39.36, 39.37, 180],
		[174, "PAD33_JP1.8", 1424.38, -656.45, "B", "DIP", "3V3", "", "C", 59.37, 59.37, 39.36, 39.37, 180],
		[175, "PAD34_JP2.8", 524.38, -656.45, "T", "DIP", "+5V", "", "C", 59.37, 59.37, 39.36, 39.37, 180],
		[176, "PAD34_JP2.8", 524.38, -656.45, "B", "DIP", "+5V", "", "C", 59.37, 59.37, 39.36, 39.37, 180],
		[177, "PAD35_1", 1130, -370, "T", "DIP", "3V3", "", "R", 66.929, 66.929, 43.308, 43.308, 180],
		[178, "PAD35_1", 1130, -370, "B", "DIP", "3V3", "", "R", 66.929, 66.929, 43.308, 43.308, 180],
		[179, "PAD36_2", 1030, -370, "T", "DIP", "GND", "GND", "C", 66.929, 66.929, 43.308, 43.308, 180],
		[180, "PAD36_2", 1030, -370, "B", "DIP", "GND", "GND", "C", 66.929, 66.929, 43.308, 43.308, 180],
		[181, "PAD37_3", 930, -370, "T", "DIP", "SCL", "", "C", 66.929, 66.929, 43.308, 43.308, 180],
		[182, "PAD37_3", 930, -370, "B", "DIP", "SCL", "", "C", 66.929, 66.929, 43.308, 43.308, 180],
		[183, "PAD38_4", 830, -370, "T", "DIP", "SDA", "", "C", 66.929, 66.929, 43.308, 43.308, 180],
		[184, "PAD38_4", 830, -370, "B", "DIP", "SDA", "", "C", 66.929, 66.929, 43.308, 43.308, 180],
		[185, "PAD39_1", 1102.95, -1165, "T", "DIP", "BUZ", "", "R", 60, 60, 36, 36, 180],
		[186, "PAD39_1", 1102.95, -1165, "B", "DIP", "BUZ", "", "R", 60, 60, 36, 36, 180],
		[187, "PAD40_2", 847.05, -1165, "T", "DIP", "GND", "GND", "C", 60, 60, 36, 36, 180],
		[188, "PAD40_2", 847.05, -1165, "B", "DIP", "GND", "GND", "C", 60, 60, 36, 36, 180],
		[189, "PAD41_1", 1230, -540, "T", "DIP", "PWR", "", "R", 78.74, 78.74, 47.244, 47.244, 0],
		[190, "PAD41_1", 1230, -540, "B", "DIP", "PWR", "", "R", 78.74, 78.74, 47.244, 47.244, 0],
		[191, "PAD42_2", 1330, -540, "T", "DIP", "GND", "GND", "C", 78.74, 78.74, 47.244, 47.244, 0],
		[192, "PAD42_2", 1330, -540, "B", "DIP", "GND", "GND", "C", 78.74, 78.74, 47.244, 47.244, 0],
		[193, "PAD43_3", 703.74, -370, "T", "DIP", "PWR", "", "O", 62.99, 51.18, 35.434, 35.434, 180],
		[194, "PAD43_3", 703.74, -370, "B", "DIP", "PWR", "", "O", 62.99, 51.18, 35.434, 35.434, 180],
		[195, "PAD44_2", 624.74, -370, "T", "DIP", "+5V", "", "O", 62.99, 51.18, 35.434, 35.434, 180],
		[196, "PAD44_2", 624.74, -370, "B", "DIP", "+5V", "", "O", 62.99, 51.18, 35.434, 35.434, 180],
		[197, "PAD45_3", 825.004, -954.999, "T", "DIP", "SCL", "", "C", 62, 62, 35, 35, 0],
		[198, "PAD45_3", 825.004, -954.999, "B", "DIP", "SCL", "", "C", 62, 62, 35, 35, 0],
		[199, "PAD46_2", 725.004, -954.999, "T", "DIP", "3V3", "", "C", 62, 62, 35, 35, 0],
		[200, "PAD46_2", 725.004, -954.999, "B", "DIP", "3V3", "", "C", 62, 62, 35, 35, 0],
		[201, "PAD47_1", 625.004, -954.999, "T", "DIP", "GND", "GND", "R", 62, 62, 35, 35, 0],
		[202, "PAD47_1", 625.004, -954.999, "B", "DIP", "GND", "GND", "R", 62, 62, 35, 35, 0],
		[203, "PAD48_3", 1129.996, -955.001, "T", "DIP", "SDA", "", "C", 62, 62, 35, 35, 180],
		[204, "PAD48_3", 1129.996, -955.001, "B", "DIP", "SDA", "", "C", 62, 62, 35, 35, 180],
		[205, "PAD49_2", 1229.996, -955.001, "T", "DIP", "3V3", "", "C", 62, 62, 35, 35, 180],
		[206, "PAD49_2", 1229.996, -955.001, "B", "DIP", "3V3", "", "C", 62, 62, 35, 35, 180],
		[207, "PAD50_1", 1329.996, -955.001, "T", "DIP", "GND", "GND", "R", 62, 62, 35, 35, 180],
		[208, "PAD50_1", 1329.996, -955.001, "B", "DIP", "GND", "GND", "R", 62, 62, 35, 35, 180],
		[209, "PAD51_3", 825.004, -854.999, "T", "DIP", "D4", "", "C", 62, 62, 35, 35, 0],
		[210, "PAD51_3", 825.004, -854.999, "B", "DIP", "D4", "", "C", 62, 62, 35, 35, 0],
		[211, "PAD52_2", 725.004, -854.999, "T", "DIP", "3V3", "", "C", 62, 62, 35, 35, 0],
		[212, "PAD52_2", 725.004, -854.999, "B", "DIP", "3V3", "", "C", 62, 62, 35, 35, 0],
		[213, "PAD53_1", 625.004, -854.999, "T", "DIP", "GND", "GND", "R", 62, 62, 35, 35, 0],
		[214, "PAD53_1", 625.004, -854.999, "B", "DIP", "GND", "GND", "R", 62, 62, 35, 35, 0]
	]
}
}